Subset,# Features,Mean F1,F1 Std,Mean AUC,AUC Std
Top-3,3,0.5803378552372712,0.024819327240200705,0.8854319850187267,0.01603284746592849
Top-5,5,0.619409084183917,0.02360470205194307,0.9060937578027465,0.00617976999898887
Top-8,8,0.6281705679794289,0.02030726261057354,0.9213914357053682,0.002638217274089066
All-15,15,0.6385974186577963,0.025185838251455827,0.9344282802746566,0.009053345266070732
